open,high,low,close,volume,thscode,time,thsname_cn,thsname_en,currency
116.13,122.98,116.0,120.56,38303900.0,002409.SZ,20260520,雅克科技,NA,CNY
122.73,125.0,113.63,113.9,42546200.0,002409.SZ,20260521,雅克科技,NA,CNY
114.75,118.18,110.32,116.5,34505300.0,002409.SZ,20260522,雅克科技,NA,CNY
119.33,128.15,115.55,128.15,39321500.0,002409.SZ,20260525,雅克科技,NA,CNY
125.54,126.19,119.6,123.21,39623400.0,002409.SZ,20260526,雅克科技,NA,CNY
125.0,127.48,117.3,118.41,30655600.0,002409.SZ,20260527,雅克科技,NA,CNY
114.82,116.9,110.94,115.36,28020600.0,002409.SZ,20260528,雅克科技,NA,CNY
115.84,117.6,106.23,107.67,30160300.0,002409.SZ,20260529,雅克科技,NA,CNY
108.0,110.8,104.59,104.99,21490000.0,002409.SZ,20260601,雅克科技,NA,CNY
104.87,112.0,103.4,109.63,25524800.0,002409.SZ,20260602,雅克科技,NA,CNY
110.19,116.0,110.1,113.8,24469400.0,002409.SZ,20260603,雅克科技,NA,CNY
111.5,120.0,111.48,117.78,27404400.0,002409.SZ,20260604,雅克科技,NA,CNY
113.74,119.09,111.41,115.0,25801400.0,002409.SZ,20260605,雅克科技,NA,CNY
107.66,110.0,104.7,105.62,23789500.0,002409.SZ,20260608,雅克科技,NA,CNY
108.79,111.5,105.81,111.41,21029500.0,002409.SZ,20260609,雅克科技,NA,CNY
107.95,122.55,107.1,122.55,33454700.0,002409.SZ,20260610,雅克科技,NA,CNY
126.22,134.81,124.0,134.81,57646100.0,002409.SZ,20260611,雅克科技,NA,CNY
140.01,144.5,131.81,132.99,66319200.0,002409.SZ,20260612,雅克科技,NA,CNY
133.32,138.88,128.0,138.83,40658800.0,002409.SZ,20260615,雅克科技,NA,CNY
137.45,143.6,135.05,137.76,36613900.0,002409.SZ,20260616,雅克科技,NA,CNY
137.0,149.22,136.0,147.92,37493200.0,002409.SZ,20260617,雅克科技,NA,CNY
146.44,151.6,143.85,150.16,31776000.0,002409.SZ,20260618,雅克科技,NA,CNY
152.86,165.18,152.86,165.18,34729600.0,002409.SZ,20260622,雅克科技,NA,CNY
160.03,167.8,155.2,157.32,35111600.0,002409.SZ,20260623,雅克科技,NA,CNY
155.0,173.05,155.0,173.05,32501300.0,002409.SZ,20260624,雅克科技,NA,CNY
184.0,186.5,172.0,181.03,40754600.0,002409.SZ,20260625,雅克科技,NA,CNY
180.0,195.2,178.2,188.6,35597700.0,002409.SZ,20260626,雅克科技,NA,CNY
199.13,207.46,191.18,207.46,41667700.0,002409.SZ,20260629,雅克科技,NA,CNY
216.24,228.1,207.47,224.5,44721800.0,002409.SZ,20260630,雅克科技,NA,CNY
220.0,246.44,218.0,236.09,44967200.0,002409.SZ,20260701,雅克科技,NA,CNY
216.0,225.88,212.48,212.48,42482000.0,002409.SZ,20260702,雅克科技,NA,CNY
205.73,209.99,195.88,199.5,46328000.0,002409.SZ,20260703,雅克科技,NA,CNY
203.25,205.0,181.0,186.45,41030400.0,002409.SZ,20260706,雅克科技,NA,CNY
184.17,193.33,181.0,185.82,29045600.0,002409.SZ,20260707,雅克科技,NA,CNY
189.0,196.52,175.11,190.0,33910600.0,002409.SZ,20260708,雅克科技,NA,CNY
196.52,209.0,194.97,209.0,33541300.0,002409.SZ,20260709,雅克科技,NA,CNY
220.0,229.0,207.0,207.17,45595900.0,002409.SZ,20260710,雅克科技,NA,CNY
205.01,209.31,186.83,189.02,34446000.0,002409.SZ,20260713,雅克科技,NA,CNY
192.8,193.5,174.58,187.49,35287000.0,002409.SZ,20260714,雅克科技,NA,CNY
190.52,194.88,170.05,171.3,30410300.0,002409.SZ,20260715,雅克科技,NA,CNY
167.44,169.65,154.17,156.0,32934400.0,002409.SZ,20260716,雅克科技,NA,CNY
158.24,160.77,144.0,145.0,36682700.0,002409.SZ,20260717,雅克科技,NA,CNY
149.11,150.0,130.5,130.5,26148500.0,002409.SZ,20260720,雅克科技,NA,CNY
132.0,143.55,117.45,143.55,45699400.0,002409.SZ,20260721,雅克科技,NA,CNY
146.42,157.91,146.4,149.86,49218200.0,002409.SZ,20260722,雅克科技,NA,CNY
151.98,154.36,144.31,149.07,33306700.0,002409.SZ,20260723,雅克科技,NA,CNY
146.5,158.75,145.0,153.95,41718900.0,002409.SZ,20260724,雅克科技,NA,CNY
34.78,36.99,34.59,35.97,27672300.0,600378.SH,20260520,昊华科技,NA,CNY
36.3,37.22,35.0,35.06,25232700.0,600378.SH,20260521,昊华科技,NA,CNY
35.06,36.57,35.01,36.47,20171500.0,600378.SH,20260522,昊华科技,NA,CNY
36.4,36.99,35.11,35.68,22075100.0,600378.SH,20260525,昊华科技,NA,CNY
35.41,39.25,35.16,39.25,36675700.0,600378.SH,20260526,昊华科技,NA,CNY
40.87,42.94,39.71,40.0,59577500.0,600378.SH,20260527,昊华科技,NA,CNY
39.89,40.65,38.49,40.38,42947400.0,600378.SH,20260528,昊华科技,NA,CNY
40.99,42.23,38.44,38.7,40725900.0,600378.SH,20260529,昊华科技,NA,CNY
39.47,42.57,39.47,40.88,52509700.0,600378.SH,20260601,昊华科技,NA,CNY
42.0,44.53,41.01,43.41,69812000.0,600378.SH,20260602,昊华科技,NA,CNY
42.8,44.49,41.0,41.65,67673100.0,600378.SH,20260603,昊华科技,NA,CNY
40.66,45.5,40.51,43.56,64855500.0,600378.SH,20260604,昊华科技,NA,CNY
44.66,47.92,43.26,46.6,74360100.0,600378.SH,20260605,昊华科技,NA,CNY
45.5,51.26,45.5,50.22,102037300.0,600378.SH,20260608,昊华科技,NA,CNY
50.6,53.64,49.03,52.8,104116800.0,600378.SH,20260609,昊华科技,NA,CNY
54.0,58.08,53.53,58.08,62165500.0,600378.SH,20260610,昊华科技,NA,CNY
63.89,63.89,61.0,63.89,79837900.0,600378.SH,20260611,昊华科技,NA,CNY
63.18,63.25,57.15,57.15,113078400.0,600378.SH,20260612,昊华科技,NA,CNY
57.1,57.85,52.89,56.27,107869100.0,600378.SH,20260615,昊华科技,NA,CNY
57.21,61.58,57.0,58.0,108829000.0,600378.SH,20260616,昊华科技,NA,CNY
57.0,63.8,55.14,63.8,114044100.0,600378.SH,20260617,昊华科技,NA,CNY
64.65,66.99,61.0,65.16,103630400.0,600378.SH,20260618,昊华科技,NA,CNY
67.0,71.4,65.5,70.22,97588700.0,600378.SH,20260622,昊华科技,NA,CNY
68.55,73.03,66.01,66.34,87229700.0,600378.SH,20260623,昊华科技,NA,CNY
64.89,68.93,64.4,67.15,77487800.0,600378.SH,20260624,昊华科技,NA,CNY
66.28,70.05,64.5,68.4,80778600.0,600378.SH,20260625,昊华科技,NA,CNY
69.0,69.12,61.56,62.3,78607300.0,600378.SH,20260626,昊华科技,NA,CNY
62.05,68.53,58.61,68.53,90888000.0,600378.SH,20260629,昊华科技,NA,CNY
71.77,75.38,69.54,75.38,102071700.0,600378.SH,20260630,昊华科技,NA,CNY
76.81,82.92,76.81,81.0,136667000.0,600378.SH,20260701,昊华科技,NA,CNY
76.81,88.1,73.82,82.17,116119300.0,600378.SH,20260702,昊华科技,NA,CNY
82.0,85.8,73.95,76.01,106683600.0,600378.SH,20260703,昊华科技,NA,CNY
76.88,79.8,68.41,68.41,96041200.0,600378.SH,20260706,昊华科技,NA,CNY
66.88,68.41,64.01,65.57,69711500.0,600378.SH,20260707,昊华科技,NA,CNY
65.0,66.69,61.0,62.51,65374400.0,600378.SH,20260708,昊华科技,NA,CNY
63.88,66.66,61.63,66.2,73676100.0,600378.SH,20260709,昊华科技,NA,CNY
66.25,70.5,60.53,60.58,95524200.0,600378.SH,20260710,昊华科技,NA,CNY
59.06,62.0,54.52,54.59,74159000.0,600378.SH,20260713,昊华科技,NA,CNY
54.58,56.44,53.33,55.7,56638200.0,600378.SH,20260714,昊华科技,NA,CNY
55.99,56.49,51.82,52.03,49468300.0,600378.SH,20260715,昊华科技,NA,CNY
51.07,51.8,48.22,48.68,45488400.0,600378.SH,20260716,昊华科技,NA,CNY
48.42,50.91,46.55,46.88,54249900.0,600378.SH,20260717,昊华科技,NA,CNY
48.19,48.65,42.19,42.19,56916000.0,600378.SH,20260720,昊华科技,NA,CNY
42.2,45.09,38.56,44.98,76717800.0,600378.SH,20260721,昊华科技,NA,CNY
44.0,45.98,43.5,44.27,53743000.0,600378.SH,20260722,昊华科技,NA,CNY
44.33,45.14,43.53,44.33,35122600.0,600378.SH,20260723,昊华科技,NA,CNY
43.11,45.8,42.81,43.7,53417600.0,600378.SH,20260724,昊华科技,NA,CNY
15.26,15.65,15.08,15.35,137308700.0,601012.SH,20260520,隆基绿能,NA,CNY
15.36,15.46,14.74,14.79,151848600.0,601012.SH,20260521,隆基绿能,NA,CNY
14.95,15.1,14.73,15.04,108489300.0,601012.SH,20260522,隆基绿能,NA,CNY
15.04,15.08,14.73,14.85,112444400.0,601012.SH,20260525,隆基绿能,NA,CNY
14.77,14.84,14.39,14.6,146413600.0,601012.SH,20260526,隆基绿能,NA,CNY
14.61,15.12,14.31,14.36,183559300.0,601012.SH,20260527,隆基绿能,NA,CNY
14.26,14.42,14.1,14.35,123338100.0,601012.SH,20260528,隆基绿能,NA,CNY
14.33,14.33,13.85,13.89,161446500.0,601012.SH,20260529,隆基绿能,NA,CNY
13.86,14.08,13.65,13.68,139409400.0,601012.SH,20260601,隆基绿能,NA,CNY
13.7,13.76,13.25,13.48,145534100.0,601012.SH,20260602,隆基绿能,NA,CNY
13.48,13.81,13.38,13.42,143724100.0,601012.SH,20260603,隆基绿能,NA,CNY
13.33,13.52,13.19,13.34,106096200.0,601012.SH,20260604,隆基绿能,NA,CNY
13.34,13.43,13.03,13.13,125911400.0,601012.SH,20260605,隆基绿能,NA,CNY
12.9,13.05,12.39,12.44,179366000.0,601012.SH,20260608,隆基绿能,NA,CNY
12.67,12.96,12.22,12.94,171480800.0,601012.SH,20260609,隆基绿能,NA,CNY
12.72,14.22,12.65,14.08,255495900.0,601012.SH,20260610,隆基绿能,NA,CNY
13.75,13.9,13.42,13.64,241938700.0,601012.SH,20260611,隆基绿能,NA,CNY
13.63,13.87,13.42,13.46,186973500.0,601012.SH,20260612,隆基绿能,NA,CNY
13.42,13.48,13.2,13.38,129621800.0,601012.SH,20260615,隆基绿能,NA,CNY
13.3,13.52,13.23,13.3,119130200.0,601012.SH,20260616,隆基绿能,NA,CNY
13.35,13.45,13.01,13.07,125956100.0,601012.SH,20260617,隆基绿能,NA,CNY
13.0,13.07,12.71,12.84,133777400.0,601012.SH,20260618,隆基绿能,NA,CNY
12.77,13.34,12.56,13.23,175473600.0,601012.SH,20260622,隆基绿能,NA,CNY
13.18,13.2,12.6,12.61,135682000.0,601012.SH,20260623,隆基绿能,NA,CNY
12.58,12.67,12.31,12.45,108490600.0,601012.SH,20260624,隆基绿能,NA,CNY
12.41,12.9,12.31,12.61,149916200.0,601012.SH,20260625,隆基绿能,NA,CNY
12.8,13.43,12.63,12.67,226343900.0,601012.SH,20260626,隆基绿能,NA,CNY
12.51,12.93,12.44,12.81,156382900.0,601012.SH,20260629,隆基绿能,NA,CNY
12.73,13.34,12.7,13.12,168335800.0,601012.SH,20260630,隆基绿能,NA,CNY
13.13,13.54,12.76,13.19,204639100.0,601012.SH,20260701,隆基绿能,NA,CNY
13.01,13.21,12.76,12.78,154165000.0,601012.SH,20260702,隆基绿能,NA,CNY
12.8,12.85,12.53,12.55,124542900.0,601012.SH,20260703,隆基绿能,NA,CNY
12.5,12.63,12.34,12.35,98876700.0,601012.SH,20260706,隆基绿能,NA,CNY
12.36,12.42,12.21,12.21,85920200.0,601012.SH,20260707,隆基绿能,NA,CNY
12.15,12.19,11.73,11.74,123933500.0,601012.SH,20260708,隆基绿能,NA,CNY
11.7,11.85,11.51,11.83,103390100.0,601012.SH,20260709,隆基绿能,NA,CNY
11.89,12.42,11.8,12.11,137675000.0,601012.SH,20260710,隆基绿能,NA,CNY
12.14,12.14,11.62,11.63,105180700.0,601012.SH,20260713,隆基绿能,NA,CNY
11.62,11.73,11.45,11.73,79276500.0,601012.SH,20260714,隆基绿能,NA,CNY
11.55,12.18,11.41,12.0,148098400.0,601012.SH,20260715,隆基绿能,NA,CNY
11.88,12.02,11.8,11.86,93640000.0,601012.SH,20260716,隆基绿能,NA,CNY
11.81,11.98,11.7,11.75,103457800.0,601012.SH,20260717,隆基绿能,NA,CNY
11.75,12.03,11.7,12.0,123170400.0,601012.SH,20260720,隆基绿能,NA,CNY
12.14,12.14,11.8,11.93,104863000.0,601012.SH,20260721,隆基绿能,NA,CNY
11.87,12.69,11.8,12.57,249970200.0,601012.SH,20260722,隆基绿能,NA,CNY
12.6,12.82,12.45,12.8,141150200.0,601012.SH,20260723,隆基绿能,NA,CNY
12.82,12.82,12.38,12.42,104471600.0,601012.SH,20260724,隆基绿能,NA,CNY
